category,name,ecoScore,price,description,imageUrl
Bar Soap,Mysore Sandal Soap (HUL),45.13,42,"Made with pure sandalwood oil, Mysore Sandal Soap offers a luxurious bathing experience with a rich, natural fragrance. It nourishes the skin, leaving it soft and refreshed. Known for its heritage and Ayurvedic formulation, it’s a trusted choice for gentle, everyday cleansing.",https://drive.google.com/file/d/1II6jh1kpZagYJdc0ef8F9osxayMvYRKC/view?usp=drive_link
Bar Soap,Medimix 18 Herbs Soap,67.01,52,"Infused with 18 Ayurvedic herbs, Medimix is designed to prevent skin issues like acne, body odor, and infections. It provides a natural, herbal cleanse while keeping the skin healthy and supple. Suitable for all skin types, it's especially popular for its medicinal benefits.",https://drive.google.com/file/d/1dsLVhRo0gf3XbtQhshvz1GQtK7bXX1W8/view?usp=drive_link
Bar Soap,Cinthol Original Soap,62.86,50,"Cinthol Original Soap, enriched with germ protection, offers a strong, refreshing aroma and deep cleansing. It helps protect against dust, pollution, and skin problems, making it ideal for active lifestyles. Its iconic legacy and freshness make it a go-to bath bar for many.",https://drive.google.com/file/d/1uFFP6WrA9Bnrd4nbWkX7gubAtGLKtF1B/view?usp=drive_link
Bar Soap,Patanjali Neem Kanti Soap,70.16,42,"Made with neem, haldi, and other Ayurvedic ingredients, Patanjali Neem Kanti is an antibacterial soap aimed at treating pimples and skin irritation. It cleanses thoroughly while maintaining skin health, especially for oily or acne-prone skin. It’s a budget-friendly, herbal alternative.",https://drive.google.com/file/d/1ZmJHe0zT8Ko8vyK4K-pkMMl-VIcde9HC/view?usp=drive_link
Bar Soap,Dove Beauty Bar,72.67,85,"Dove Beauty Bar is more than just a soap—it’s a moisturizing cleanser with ¼ moisturizing cream. It gently nourishes dry skin without stripping natural oils. Known for its soft, creamy lather, Dove leaves skin smooth, soft, and radiant after every wash.",https://drive.google.com/file/d/1HIS3e_DdPwcRpPE-s2cqt9OYU6rC4h4_/view?usp=drive_link
Bar Soap,Lux Soft Touch Soap,53.03,80,"Lux Soft Touch is infused with floral extracts and silk protein, offering a fragrant, creamy lather that leaves skin feeling soft and pampered. Designed for daily use, it enhances the bathing experience with its long-lasting fragrance and gentle moisturizing properties.",https://drive.google.com/file/d/1chnrxlD0tVSQAiKBJgi-BDmPiwzXFGxe/view?usp=drive_link
Bar Soap,Dettol Original Soap,63.83,100,"Dettol Original Soap provides trusted germ protection with every wash. Formulated with antibacterial agents, it helps prevent infection, body odor, and skin issues. Ideal for hygiene-conscious users, it’s a reliable choice for keeping skin clean and protected throughout the day.",https://drive.google.com/file/d/1qfjruqQyFDY_qmgdqfmn_Q--uPZCSvkk/view?usp=drive_link
Bar Soap,Biotique Bio Almond Oil Soap,100,120,"Biotique’s Bio Almond Oil Soap is an Ayurvedic, 100% natural bar enriched with almond oil, coconut oil, and wild turmeric. It deeply nourishes and softens skin, making it suitable for dry and sensitive skin types. It’s chemical-free and eco-friendly.",https://drive.google.com/file/d/1PIEv0xMHtHbzBFHZPLswgHGnTRDOqAXU/view?usp=drive_link
Bar Soap,Pears Transparent Soap,85.51,120,"Pears Soap is a gentle, glycerin-based cleanser known for its transparency and purity. It hydrates and refreshes skin while being dermatologically tested for sensitive skin. Its mild formula and light fragrance make it a popular choice for daily, gentle cleansing.",https://drive.google.com/file/d/1lUKuKPZgyugHKGm14d8eaS4zLZXmiU8a/view?usp=drive_link
Bar Soap,Himalaya Neem & Turmeric Soap,56.5,80,"Himalaya Neem & Turmeric Soap combines neem’s antibacterial properties with turmeric’s healing benefits. It effectively combats acne and skin impurities while soothing and refreshing the skin. Ideal for oily or acne-prone skin, it offers a clean, herbal bath experience.",https://drive.google.com/file/d/1Nr7pO2wnGRXOEUuxFxRczcUXnIBnSsv7/view?usp=drive_link
Biscuits,Parle-G,96.4,160,"India’s favorite glucose biscuit, Parle-G is packed with energy and nostalgia. Ideal for tea-time or on-the-go snacking, it’s made with wheat flour and enriched with vitamins and iron. Loved by all age groups for its simple, sweet flavor and crunchy texture.",https://drive.google.com/file/d/1qVl7t4VSdkX85p8rml4mbm0pf2o_Ut-H/view?usp=sharing
Biscuits,Britannia Good Day,81.15,170,"Loaded with the richness of cashews and a buttery base, Good Day biscuits deliver a joyful crunch in every bite. With a melt-in-mouth texture and delicious aroma, these are perfect for elevating your tea-time or just a quick treat anytime.",https://drive.google.com/file/d/1OxV2eH4sWgBOxlalG7T2huK0h_g9XRFl/view?usp=drive_link
Biscuits,Hide & Seek Fab,66.66,150,"A delightful combination of crispy chocolate cookies and smooth chocolate cream, Hide & Seek Fab offers a fun and indulgent treat. Great for kids and chocolate lovers alike, it’s a perfect snack for school tiffins or evening cravings.",https://drive.google.com/file/d/1ZkFzqE7F1o67vMHkwCPkrIaGIDXv0Lq-/view?usp=drive_link
Biscuits,Marie Gold,99.79,170,"Light, crisp, and low on sugar, Britannia Marie Gold is made from wheat and designed for the health-conscious. It pairs perfectly with tea and provides energy without being heavy. A wholesome and classic biscuit choice for daily snacking.",https://drive.google.com/file/d/1S7iQk8Xjao4jVoG0YrLUWH3faZltVfvo/view?usp=drive_link
Biscuits,Treat Orange,78.08,250,"Britannia Treat Orange sandwiches tangy orange-flavored cream between crispy biscuits. A hit among kids, it's playful, colorful, and full of fruity flavor. Great as a snack in lunchboxes or after-school munching.",https://drive.google.com/file/d/1Cu6HZ4x-fz0v-a9Gtdv_8bFKIuAbRst6/view?usp=drive_link
Biscuits,Oreo,63.99,250,"The world’s favorite cookie, Oreo features two rich cocoa biscuits with a delicious vanilla crème filling. Dunk it in milk, twist it apart, or eat it whole—Oreo is versatile and fun for all ages. Imported flavor in an Indian-friendly pack size.",https://drive.google.com/file/d/17pxaGvHO4e461d4WA3ENyoT2ubdvLmGd/view?usp=drive_link
Biscuits,Bourbon,75.65,250,"Britannia Bourbon offers a timeless combination of crunchy chocolate biscuits filled with smooth chocolate cream, topped with sugar crystals. A chocolaty indulgence ideal for dessert moments, tea-time, or as a sweet treat on-the-go.",https://drive.google.com/file/d/1GAvlQ_7EddkarepqXSwSa8-bqkIw9Uc9/view?usp=drive_link
Biscuits,Milk Bikis,81.91,154,"Fortified with milk and essential nutrients, Milk Bikis is a nutritious biscuit option for growing kids. With a crunchy texture and mild sweetness, it goes perfectly with milk and makes for a wholesome snack anytime of the day.",https://drive.google.com/file/d/1PifQfhcsiOtCvKykNrhU6r8n0T1Rmhny/view?usp=drive_link
Biscuits,50-50 Maska Chaska,82.53,180,"Britannia 50-50 Maska Chaska offers a buttery, herby flavor with a perfect balance of sweet and salty. Ideal for light snacking, it delivers a savory burst of taste in every crunchy bite. A favorite among those who love bold yet smooth flavors.",https://drive.google.com/file/d/1pdpaa2ruxbcLnMehVcW2L3qHzJ3N_oNx/view?usp=drive_link
Biscuits,Jim Jam,78.79,225,"Britannia Jim Jam brings you cream-filled sandwich biscuits topped with a center of jam and sugar sprinkles. A delightful mix of vanilla, jammy fruitiness, and crunch—perfect for kids and those with a sweet tooth.",https://drive.google.com/file/d/1BeedI-FLh9TltmpC-jnRGOGzG6wnxY67/view?usp=drive_link
Coffee,Nescafe Classic Instant,76.7,550,"A timeless instant coffee made from pure Robusta beans, Nescafé Classic delivers a bold, full?flavored cup in seconds. Perfect for busy mornings or quick office breaks, it boasts a rich aroma and smooth finish, enriched with essential vitamins to give you an energizing start to your day.",https://drive.google.com/file/d/1oXxUmOema2MNmL1zQ9UPupjexORnIQSd/view?usp=drive_link
Coffee,Starbucks Pike Place Roast,64.6,849,"Starbucks’ iconic medium?roast blend features balanced notes of cocoa and toasted nuts for a smooth, approachable cup. Pike Place Roast is slow?roasted to bring out its nuanced flavor and is perfect for drip, pour?over, or French press brewing—ideal for everyday coffee moments.",https://drive.google.com/file/d/1ug7H9wFw20ErL-qpwvVjqczQefxVIUY1/view?usp=drive_link
Coffee,Bru Filter Coffee (Tata),67.9,220,"BRU Instant Coffee offers the authentic taste of South Indian coffee plantations in a convenient granule form. With a lively aroma and robust flavor, it dissolves instantly in hot water or milk. An energizing choice for those who love a quick, strong cup without compromising on quality.",https://drive.google.com/file/d/1T1VzVGcRFeHI7lEOPfXRqSNosZlx-Y__/view?usp=drive_link
Coffee,Blue Tokai Medium Roast – 100?g,75.9,216,"Specialty?grade Arabica beans, freshly roasted in India, give Blue Tokai Medium Roast a balanced profile of nuts and mild fruitiness. Its medium body and smooth finish suit drip, pour?over, or French press methods. Enjoy the freshness and nuanced flavors that make every sip exceptional.",https://drive.google.com/file/d/1ec5K3o26p67w9H1Dq141reehL4MX03Zv/view?usp=drive_link
Coffee,Lavazza Qualità Rossa,76.7,340,"An authentic Italian espresso blend of Arabica and Robusta beans, Qualità Rossa offers a full?bodied cup with chocolatey undertones and a warm, lingering finish. Perfect for moka pots or espresso machines, its rich crema and aroma transport you straight to your favorite café.",https://drive.google.com/file/d/1GOOVJqFoIr1BpPiBT696E0rjR8TAoUwY/view?usp=drive_link
Coffee,Death Wish Coffee,87,110,"Billed as the world’s strongest coffee, Death Wish’s dark roast combines high?caffeine Robusta beans with premium Arabica for an intense kick and bold flavor. Its rich, smoky profile and smooth finish make it a cult favorite for those seeking an extra?powerful brew.",https://drive.google.com/file/d/1-JMlWU-mzIrGOmQ23CLEDIo6yx8-MhRo/view?usp=drive_link
Coffee,Tim Hortons Original,79,633,"This classic Canadian medium?roast delivers a smooth, mellow cup with gentle sweetness and a clean finish. Tim Hortons Original is crafted for drip brewing, offering a comforting everyday coffee that’s both approachable and reliable—perfect for starting your morning off right.",https://drive.google.com/file/d/1hAmP8txkohBpPLzYxdbC5bcoUgClF70A/view?usp=drive_link
Coffee,Illy Classico Medium Roast,86.2,672,"Illy’s signature Classico roast uses 100?% Arabica beans to achieve a harmonious balance of floral notes, caramel, and toasted bread. This medium?roast espresso grind produces a velvety crema and elegant aroma, ideal for moka pots and home espresso machines.",https://drive.google.com/file/d/17dShPJt17fUaOkPMTdIipQ2BRGzTRsBc/view?usp=drive_link
Coffee,Café Du Monde Coffee & Chicory,77.1,270,"A New Orleans tradition since 1862, this dark?roasted coffee is blended with chicory for a smooth, slightly woody flavor. Perfect for café au lait, its unique, comforting richness and the subtle earthiness of chicory make it an iconic, heartwarming brew.",https://drive.google.com/file/d/1_toINaT9XoOOgq8NSrmE6ismxfd7vk9I/view?usp=drive_link
Coffee,Green Mountain Breakfast Blend,65.7,507,"A bright, light?roast blend with balanced sweetness and a clean finish, this Breakfast Blend is specially portioned for Keurig® machines. Each pod brews a crisp, nutty cup—perfect for a morning pick?me?up with consistent quality and ease.",https://drive.google.com/file/d/1bzTu59IPCpIsy1ptp8M88I9oA9hFWjPl/view?usp=drive_link
Detergent Ingredient,Surf Excel Matic Front Load (Powder),47.9,197,"Surf Excel Matic Front Load (Powder) offers unparalleled detergent ingredient performance, making it a top choice for consumers.",https://drive.google.com/file/d/1ntkxXrhvUB5M2CfEt2b4d1V-4rWMcraa/view?usp=sharing
Detergent Ingredient,Surf Excel Easy Wash (Powder),48.8,113,"With its unique formula, Surf Excel Easy Wash (Powder) redefines quality in the detergent ingredient market.",https://drive.google.com/file/d/1A5LM4djcgSZrlL_Nei_qFQSWOG3eqHuO/view?usp=drive_link
Detergent Ingredient,Rin Advanced (Powder),50.4,162,"Designed for excellence, Rin Advanced (Powder) excels as a premium detergent ingredient product.",https://drive.google.com/file/d/1QWdtV98avROQDXFWdrltmXT1YHVOxwtB/view?usp=drive_link
Detergent Ingredient,Ghadi (Powder),62.7,120,Ghadi (Powder) combines innovation and reliability to deliver superior detergent ingredient results.,https://drive.google.com/file/d/1GqtmYB5sUDkxsW3xEnYB5Eyb_zjBF_dF/view?usp=sharing
Detergent Ingredient,Henko (Powder),52,118,"Engineered for efficiency, Henko (Powder) stands out among detergent ingredient offerings.",https://drive.google.com/file/d/1_El9EcDI45ymFXpF3vzG0b5UZwNDi-zP/view?usp=sharing
Detergent Ingredient,Ariel Matic Front Load (Powder),49.7,195,"Designed for excellence, Ariel Matic Front Load (Powder) excels as a premium detergent ingredient product.",https://drive.google.com/file/d/1aFJEBI8nr9S4JCcuUKlGdTt0sdvmX47m/view?usp=sharing
Detergent Ingredient,OMO Global (Powder),45.8,127,OMO Global (Powder) combines innovation and reliability to deliver superior detergent ingredient results.,https://drive.google.com/file/d/1v8d9TGpsbk3SnrygPk_eqrwZkmNCtye0/view?usp=sharing
Detergent Ingredient,Arm & Hammer (Powder),62.1,156,"Arm & Hammer (Powder) offers unparalleled detergent ingredient performance, making it a top choice for consumers.",https://drive.google.com/file/d/14Pv5EZiQqIDubjzJ_0zBZTS9rFFVoyQc/view?usp=sharing
Detergent Ingredient,Surf Excel Matic Top Load (Liquid),63.8,194,"With its unique formula, Surf Excel Matic Top Load (Liquid) redefines quality in the detergent ingredient market.",https://drive.google.com/file/d/1bBsABe4c_JCf18Ri-5zJ9r8BovDP2Mmh/view?usp=sharing
Detergent Ingredient,Ecover Zero Non-Bio (Liquid),89.7,144,"Ecover Zero Non-Bio (Liquid) offers unparalleled detergent ingredient performance, making it a top choice for consumers.",https://drive.google.com/file/d/1uBpTKSNs05SSaD7yHaKpciq9sII1H_Ig/view?usp=sharing
Dishwashing Liquids,Dawn Platinum Original,88.5,59,"With its unique formula, Dawn Platinum Original redefines quality in the dishwashing liquids market.",https://drive.google.com/file/d/1ZP7Y9NGQikBhGmvaYALhNAV7PDMzW-M4/view?usp=sharing
Dishwashing Liquids,Palmolive Ultra+ Lemon,77.6,59,"Discover the difference with Palmolive Ultra+ Lemon, a trusted name in dishwashing liquids products.",https://drive.google.com/file/d/1yx2RiumqvX7OqyVzW4vEo4WbOix7bkC7/view?usp=sharing
Dishwashing Liquids,Ecover Lemongrass,82.2,80,"Engineered for efficiency, Ecover Lemongrass stands out among dishwashing liquids offerings.",https://drive.google.com/file/d/1-4sG9WKs3fsu0dvr7Aga4WdLids20UHT/view?usp=sharing
Dishwashing Liquids,Frosch Aloe Vera,96.1,46,"Frosch Aloe Vera offers unparalleled dishwashing liquids performance, making it a top choice for consumers.",https://drive.google.com/file/d/1mRbyfYt6ys7qC6zN97UPgvYkubfhWFtU/view?usp=sharing
Dishwashing Liquids,Seventh Generation Free & Clear,89.1,68,"With its unique formula, Seventh Generation Free & Clear redefines quality in the dishwashing liquids market.",https://drive.google.com/file/d/1vaUOZbocqMMOAmW3Yk9nlESNEtBz-0Cs/view?usp=sharing
Dishwashing Liquids,Method Pink Grapefruit,89.5,69,Method Pink Grapefruit combines innovation and reliability to deliver superior dishwashing liquids results.,https://drive.google.com/file/d/1I1Do0E3rM03MAxCg1cAngFKZaXjjTyHV/view?usp=sharing
Dishwashing Liquids,Vim Lemon Fresh,80,40,"With its unique formula, Vim Lemon Fresh redefines quality in the dishwashing liquids market.",https://drive.google.com/file/d/1ynMHmQk58Iq-iCuVGy4KIw72TxyKgk5Z/view?usp=sharing
Dishwashing Liquids,Patanjali Neem & Mint,80.7,69,"Engineered for efficiency, Patanjali Neem & Mint stands out among dishwashing liquids offerings.",https://drive.google.com/file/d/1Sb3qoldpggcBn0HibD1JwYmcdR4Wf6t9/view?usp=sharing
Dishwashing Liquids,Attitude English Pear,96.1,46,"Attitude English Pear offers unparalleled dishwashing liquids performance, making it a top choice for consumers.",https://drive.google.com/file/d/1FEvkqBrJ6wT4EAfBfqF33MdWKcK-Flpe/view?usp=sharing
Dishwashing Liquids,The Honest Company Lemongrass,82.1,89,"With its unique formula, The Honest Company Lemongrass redefines quality in the dishwashing liquids market.",https://drive.google.com/file/d/1zuUZpPY2MI4uLAAe7lMOW7j6iF2JIYaW/view?usp=sharing
Facewash,Hyphen Rice Water Brightening Cleanser,85,157,"Engineered for efficiency, Hyphen Rice Water Brightening Cleanser stands out among facewash offerings.",https://drive.google.com/file/d/1_745qazecaWg9FChcOG7W5HDtKk0-STi/view?usp=sharing
Facewash,Lotus Botanicals Skin Brightening Face Wash,82,194,Lotus Botanicals Skin Brightening Face Wash combines innovation and reliability to deliver superior facewash results.,https://drive.google.com/file/d/1egxI3SUyjG5xuCnr8idEAQQQRQOMR_VG/view?usp=sharing
Facewas,CeraVe Hydrating Facial Cleanser,83,107,"Engineered for efficiency, CeraVe Hydrating Facial Cleanser stands out among facewash offerings.",https://drive.google.com/file/d/1bVP_JQXn2WcBiNqRt82oKBbQ0APPqUPv/view?usp=sharing
Facewash,Dot & Key 2% Niacinamide Face Wash with Rice Water,76,190,"Discover the difference with Dot & Key 2% Niacinamide Face Wash with Rice Water, a trusted name in facewash products.",https://drive.google.com/file/d/1Vdt7_rXt9XwSdHrbKIgWiyP6N1hzYFH6/view?usp=sharing
Facewash,Mamaearth Aqua Glow Face Wash,85,184,Mamaearth Aqua Glow Face Wash combines innovation and reliability to deliver superior facewash results.,https://drive.google.com/file/d/1q9LYelYmCZqAo2cek-QMmZqUq8Pjje-J/view?usp=sharing
Facewash,Pond's Pure White Face Wash,66,164,"With its unique formula, Pond's Pure White Face Wash redefines quality in the facewash market.",https://drive.google.com/file/d/1AwDZiOeBi-o8HrkHZstnHyeIFrstaP_t/view?usp=sharing
Facewash,VLCC Mandarin & Tomato Fairness Face Wash,71,168,"Discover the difference with VLCC Mandarin & Tomato Fairness Face Wash, a trusted name in facewash products.",https://drive.google.com/file/d/1YVSuzGnS_QAaq9rwc_2hPL5ZsL9Ev6cc/view?usp=sharing
Facewash,Clean & Clear Fairness Face Wash,65,176,"Engineered for efficiency, Clean & Clear Fairness Face Wash stands out among facewash offerings.",https://drive.google.com/file/d/1sR_-ny_a7rI6jutSSwq1s0BtbBIBvUtD/view?usp=sharing
Facewash,Garnier Oil Clear Sparkling Lemon Face Wash,63,193,"Designed for excellence, Garnier Oil Clear Sparkling Lemon Face Wash excels as a premium facewash product.",https://drive.google.com/file/d/1c53ezcIz0sFEckuUkCNHS6QOthovpSnn/view?usp=sharing
Facewash,L'Oreal Paris Hydra Fresh Citrus Face Wash,61,100,"Discover the difference with L'Oreal Paris Hydra Fresh Citrus Face Wash, a trusted name in facewash products.",https://drive.google.com/file/d/1SpTM8rcioLepegw9zr-gABEGXgI-DU93/view?usp=sharing
Face Serum,Ole Henriksen Truth Serum Vitamin C Serum,68,565,"Discover the difference with Ole Henriksen Truth Serum Vitamin C Serum, a trusted name in face serum products.",https://drive.google.com/file/d/1Ik4j31nBgcwyaK5VU7E97XmJzFlZ0EOv/view?usp=sharing
Face Serum,The Ordinary Lactic Acid 10% + Hyaluronic Acid,70,905,"The Ordinary Lactic Acid 10% + Hyaluronic Acid offers unparalleled face serum performance, making it a top choice for consumers.",https://drive.google.com/file/d/19j6F5-UOSVkpo7tzUYl1MiWOHWaPWv0V/view?usp=sharing
Face Serum,Olay Regenerist Retinol 24 Night Serum,64,624,Olay Regenerist Retinol 24 Night Serum combines innovation and reliability to deliver superior face serum results.,https://drive.google.com/file/d/1xb3CJA-6Ca7bnU21Of7JAaxvSX8ugcRD/view?usp=sharing
Face Serum,CeraVe Vitamin C Serum with Hyaluronic Acid,70,360,"CeraVe Vitamin C Serum with Hyaluronic Acid offers unparalleled face serum performance, making it a top choice for consumers.",https://drive.google.com/file/d/1AAx1RbwnpSfbRZRlNnKcSH1AjtTbzQL0/view?usp=sharing
Face Serum,SkinCeuticals H.A. Intensifier Multi-Glycan Serum,84,569,"With its unique formula, SkinCeuticals H.A. Intensifier Multi-Glycan Serum redefines quality in the face serum market.",https://drive.google.com/file/d/1cOR2AWHWtmzVxkUwsQWWznJFJfxW2hGN/view?usp=sharing
Face Serum,Paula's Choice C15 Super Booster Serum,72,332,"Discover the difference with Paula's Choice C15 Super Booster Serum, a trusted name in face serum products.",https://drive.google.com/file/d/19lKX-3svQVf6v71fCpbzsxflUFGNlcag/view?usp=sharing
Face Serum,Drunk Elephant C-Luma Hydrabright Vitamin C Serum,72,306,Drunk Elephant C-Luma Hydrabright Vitamin C Serum combines innovation and reliability to deliver superior face serum results.,https://drive.google.com/file/d/1TOYdc0SuOxo6oqZwF0UEvWgEhcB3JItU/view?usp=sharing
Face Serum,Sunday Riley Good Genes Lactic Acid Treatment,74,912,"Engineered for efficiency, Sunday Riley Good Genes Lactic Acid Treatment stands out among face serum offerings.",https://drive.google.com/file/d/1EK5uxQ4V1k9AJKmP5UBGAQUF43KqW1G6/view?usp=sharing
Face Serum,Biossance Squalane + Copper Peptide Rapid Plumping Serum,74,790,"Biossance Squalane + Copper Peptide Rapid Plumping Serum offers unparalleled face serum performance, making it a top choice for consumers.",https://drive.google.com/file/d/1lyZcC2tGQISvE3DceiRRLYxSuw96gxS_/view?usp=sharing
Face Serum,Glow Recipe Watermelon Glow Niacinamide Dew Drops,72,730,"With its unique formula, Glow Recipe Watermelon Glow Niacinamide Dew Drops redefines quality in the face serum market.",https://drive.google.com/file/d/1CFOyrnLFRQgDIP3t4xTMf0Atah9bohWp/view?usp=sharing
Milk And Products,Organic Valley Whole Milk,91.4,458,"Organic, fresh whole milk from pasture-raised cows, rich in nutrients and ideal for healthy families and children.",https://drive.google.com/file/d/1BgsZGmNwuubzUFtr3m4se60tuZXNGLoR/view?usp=drive_link
Milk And Products,Horizon Organic 2% Milk,94.4,483,"Creamy 2% milk from organic farms, offering balanced nutrition with less fat and full of natural calcium and protein.",https://drive.google.com/file/d/1B7OxfTWbpLiHrbBg6vhZLoeT-R6nfd_P/view?usp=drive_link
Milk And Products,Fairlife Ultra-Filtered Milk,95.2,416,"Lactose-free, high-protein milk with reduced sugar; ultra-filtered for purity and nutrient retention, great for fitness-focused lifestyles.",https://drive.google.com/file/d/1trHeLFpzjUBfujKlIxAMJ7e2WY7nK-pz/view?usp=drive_link
Milk And Products,Dean's Cottage Cheese Milk,87.2,291,"Versatile milk ideal for making cottage cheese; fresh, light taste with essential vitamins and good protein content.",https://drive.google.com/file/d/1eYLouVlwHBCYbTZ1WsxS9KHjH5r7lDJy/view?usp=drive_link
Milk And Products,Trader Joe's Whole Milk,86.2,334,"Affordable, fresh whole milk with rich flavor, sourced responsibly for everyday consumption with creamy consistency",https://drive.google.com/file/d/12vnzx6n1N4cnYJBNVavKs_C3AEmWamz5/view?usp=drive_link
Milk And Products,Publix Lowfat Milk,81.9,299,Low-fat milk option perfect for calorie-conscious diets while retaining calcium and vitamin D for bone and muscle health.,https://drive.google.com/file/d/1LlNAwx7xp-ecwFoiHeSHG7Rb3j9QEtr5/view?usp=drive_link
Milk And Products,DairyPure Skim Milk,85.2,275,Fat-free milk rich in essential nutrients; ideal for those watching cholesterol without sacrificing calcium or taste.,https://drive.google.com/file/d/1WaAE7due4v7OPlXGIORi7EvM3HPQA0FS/view?usp=drive_link
Milk And Products,Oakland Farms Whole Milk,86.8,282,"Creamy and wholesome, this whole milk is sourced locally and perfect for cooking, baking, or everyday drinking",https://drive.google.com/file/d/1bVN5Xt7Q72N7pwCU2pqFkVjj3h1Ff_hw/view?usp=drive_link
Milk And Products,Silk Almond Milk,84.6,350,"Plant-based, dairy-free almond milk with a nutty flavor, low in calories and great for vegans or lactose intolerant.",https://drive.google.com/file/d/1WrDUMmr9WlYy_1liv86lO8qjGDv8M_Uv/view?usp=drive_link
Milk And Products,Silk Soy Milk,87.6,357,"High-protein, plant-based milk alternative made from whole soybeans; smooth, creamy, and suitable for dairy-free lifestyles.",https://drive.google.com/file/d/1aB3SndwqtWDVRtufo6tAMEne2S2P2NuI/view?usp=drive_link
Moisturizer Body Lotion,Palmers Cocoa Body Lotion,90.1,460,"Deeply moisturizing lotion enriched with cocoa butter; ideal for dry skin, improves elasticity and leaves skin soft.",https://drive.google.com/file/d/15vKBnqZWjQC-h-nGVeGV9KwGQUXYk4tx/view?usp=sharing
Moisturizer Body Lotion,Himalaya Cocoa Butter Body Lotion,90.3,250,"Lightweight lotion with cocoa butter and wheat germ oil for skin nourishment, hydration, and smoothness in all seasons.",https://drive.google.com/file/d/1GYVbcf56DPf4apxBUi-084G1K6zy38DX/view?usp=drive_link
Moisturizer Body Lotion,"MCaffeine Coffee Body Lotion	",74.9,230,"Energizing lotion with pure Arabica coffee; tones, moisturizes, and rejuvenates dull skin with antioxidants and natural hydration.",https://drive.google.com/file/d/19TwCVP2T5_FRTqEFmpRSBuzFvtheDeym/view?usp=drive_link
Moisturizer Body Lotion,Jergens Aloe Vera Body Lotion,72.6,320,Soothing aloe-infused body lotion for refreshing and hydrating skin; great for after sun exposure or dryness relief.,https://drive.google.com/file/d/1r95Yo9TQy3QmJ3bdhClmXGI-AvQhKadR/view?usp=drive_link
Moisturizer Body Lotion,Olay Turmeric Body Lotion,73.4,499,"Enriched with turmeric and Vitamin B3, this lotion brightens and hydrates dull skin with long-lasting moisture.",https://drive.google.com/file/d/1y9PCpOqlA6EfCOpNO5kbaQztMOvRDTXX/view?usp=drive_link
Moisturizer Body Lotion,Nivea Shea Butter Body Lotion,79,350,"Intensely hydrating lotion with shea butter; deeply nourishes dry skin, restoring smoothness and softness throughout the day.",https://drive.google.com/file/d/1Q25TYNXN93n1_Ff0As5a8VUZNFE1k3ay/view?usp=drive_link
Moisturizer Body Lotion,Mamaearth Ubtan Body Lotion,89.7,239,"Ayurvedic blend with turmeric and saffron; lightens and moisturizes skin, suitable for daily use and all skin types.",https://drive.google.com/file/d/1KfKVOMvEV3RsOIW2i5FjIzkSYMhMRdLr/view?usp=drive_link
Moisturizer Body Lotion,The Body Shop Green Tea Body Lotion,66.9,1039,Lightweight lotion with green tea extracts from Japan; provides hydration while calming and detoxifying tired skin.,https://drive.google.com/file/d/1t6sJGBxg1NfkegeGeCsigXNdLf55BfgP/view?usp=drive_link
Moisturizer Body Lotion,Mamaearth Aloe Vera Body Lotion,75.5,413,"Fast-absorbing lotion with aloe and almond oil; soothes, cools, and deeply nourishes irritated or sensitive skin.",https://drive.google.com/file/d/1endghcWzNpIV4Ny8dhAX-pqf3T9-IZEB/view?usp=drive_link
Moisturizer Body Lotion,Nivea Coconut Body Lotion,82.1,300,"Tropical-scented body lotion with coconut and almond oil; leaves skin feeling soft, moisturized, and pleasantly fragranced.",https://drive.google.com/file/d/1Oh1AG90-luCJjYDfFPaeOoS7Ut6uVR3_/view?usp=drive_link
Mouthwash,Listerine Fresh Breath,97.4,180,Powerful antiseptic mouthwash that kills germs and gives long-lasting fresh breath; trusted protection against plaque and gingivitis.,https://drive.google.com/file/d/1RlklvusmUVZkyk7oeAHuJvmTNFXAU7yW/view?usp=drive_link
Mouthwash,Listerine Zero Alcohol,89.6,155,Alcohol-free version with gentle yet effective germ protection; suitable for sensitive mouths without burning sensation.,https://drive.google.com/file/d/1g26lp9zMkp2tXJ-YW6kC6WEA2fQ7S4aF/view?usp=drive_link
Mouthwash,Colgate Cool Mint,87,130,"Refreshing mint-flavored mouthwash that eliminates bacteria, prevents bad breath, and protects against cavities with fluoride.",https://drive.google.com/file/d/1R5I6Lc-1u3ri2A6XsTmguZaHqu7pgwD2/view?usp=drive_link
Mouthwash,Colgate Fresh Breath,93.8,147,"Daily-use mouthwash that targets odor-causing bacteria, offering long-lasting breath freshness and basic oral hygiene support.",https://drive.google.com/file/d/1uq4D-aw1_dRj2ImlFNC7OO7bQ4Zzwa2i/view?usp=drive_link
Mouthwash,TheraBreath Fresh Breath,93,300,Dentist-formulated mouthwash that neutralizes sulfur-producing bacteria; non-alcoholic and safe for dry mouth sufferers.,https://drive.google.com/file/d/1nw698xMuK1TejIuQT2h8-D8U_gOByiA2/view?usp=drive_link
Mouthwash,Himalaya Complete Care,92.9,140,Herbal mouthwash with pomegranate and miswak; strengthens gums and prevents bad breath naturally without alcohol.,https://drive.google.com/file/d/1Da_p_FGTRWe0dW-M5bPCxi1tMhvhu9Y3/view?usp=drive_link
Mouthwash,Himalaya Active Fresh,76.8,140,"Herbal-based mouthwash that gives cooling freshness, helps prevent gum problems, and supports overall oral health.",https://drive.google.com/file/d/1eVObzb4QI8QLWrzww5fonZjnx6M4sqLB/view?usp=drive_link
Mouthwash,CloseUp Cool Mint,80.8,118,Fluoride-enriched mouthwash with an intense cooling effect; helps prevent cavities and keeps breath fresh after meals.,https://drive.google.com/file/d/1YhnB8jlsUPUsdwi9elyHSPuM3EqNQbtn/view?usp=drive_link
Mouthwash,Dabur Herbal,90.1,100,Ayurvedic mouthwash with clove and licorice extracts; tackles bad breath and maintains oral hygiene using traditional Indian herbs.,https://drive.google.com/file/d/1-wRZcEjO2FJWcAJAkwPPUa6J-tLmh9-A/view?usp=drive_link
Mouthwash,Crest Complete Care,93.6,337,"Multi-benefit mouthwash that provides germ protection, fresh breath, and tooth enamel support with a refreshing taste.",https://drive.google.com/file/d/19--ANQZrJtpJ9pS_L9TDINeksyruElTe/view?usp=drive_link
Real Chocolate,Cadbury Dairy Milk,100,50,"Classic, creamy milk chocolate beloved for its smooth texture and sweet taste; perfect for snacking and sharing.",https://drive.google.com/file/d/1g5bQd8AFj7mFd9VKVheoEi7JHA-ZetC2/view?usp=drive_link
Real Chocolate,NestlÃ© KitKat,98.2,50,"Iconic wafer chocolate with crispy layers; great for breaks, comes in multiple flavors, loved worldwide.",https://drive.google.com/file/d/1vHtv_G8DsIv9uKorhTFSth4J_KjCVoSD/view?usp=drive_link
Real Chocolate,Ferrero Rocher,95.2,185,"Premium chocolate with a hazelnut center, crispy shell, and gold wrapping; luxurious treat for gifting or self-indulgence.",https://drive.google.com/file/d/1SZ80iTlKlCwQPlepHWR3hwmclHSu-dma/view?usp=drive_link
Real Chocolate,Hershey's Milk Chocolate,93.9,120,"American favorite made with real milk; smooth, sweet, and great for baking, s’mores, or standalone munching.",https://drive.google.com/file/d/1JKN4s-R7g1Q1T7Q4GnAi1327SZ8werMv/view?usp=drive_link
Real Chocolate,Lindt Excellence 70%,88.3,250,"Rich dark chocolate bar with 70% cocoa; slightly bitter, intense flavor for true chocolate connoisseurs.",https://drive.google.com/file/d/1XEG7ThbDKngL9TOng2AcjpFZ7DkLubBh/view?usp=drive_link
Real Chocolate,Snickers,73.4,50,"Packed chocolate bar with nougat, peanuts, and caramel; energy-boosting snack that satisfies hunger and sweet cravings.",https://drive.google.com/file/d/1gQ8010n8mwLgul1usf6UVk74MnpcpGxC/view?usp=drive_link
Real Chocolate,Toblerone,77,225,"Distinctive triangular Swiss chocolate with honey and almond nougat; crunchy and smooth, ideal for gifting or festive occasions.",https://drive.google.com/file/d/1LxGTgILcH0DCwFN6vpnBKuIAW66VTqfy/view?usp=drive_link
Real Chocolate,Galaxy Smooth Milk,76.9,120,"Creamy and velvety milk chocolate bar; melts in the mouth and delivers rich, indulgent sweetness.",https://drive.google.com/file/d/1ZazHWHsvJiozpSehfFlAv3F7rJyCWekB/view?usp=drive_link
Real Chocolate,Mars Bar,69,60,"Chocolate bar filled with nougat and caramel; chewy, sweet, and satisfying for quick energy or dessert.",https://drive.google.com/file/d/1epPwi61QonUcR9p6U4lnIWjWR5qrgDac/view?usp=drive_link
Real Chocolate,Milky Way,62.1,65,"Soft, creamy nougat wrapped in milk chocolate; light, fluffy texture perfect for dessert lovers.",https://drive.google.com/file/d/1vcroykIleFmJv1x_daz6qRpab64Ra3ig/view?usp=drive_link
Shaving Cream,Gillette,73.4,67,"Budget-friendly shaving foam that offers a smooth glide and classic scent, ideal for daily shaves with minimal irritation.",https://drive.google.com/file/d/1cat_6Vhit78H4V8mkwgb5h4HbAoTcYsD/view?usp=drive_link
Shaving Cream,Nivea Men,86.1,2329,"Premium shaving cream with skin-guard technology; provides moisturization, smooth shave, and prevents post-shave irritation and tightness.",https://drive.google.com/file/d/1YddhemrzkWSkodeH1_4rYBzKtxZYF4J8/view?usp=drive_link
Shaving Cream,Barbasol,86.3,399,"Iconic American foam with rich lather; offers a close, comfortable shave and protects skin against nicks and cuts.",https://drive.google.com/file/d/13jLM4I0NB4Y0A8E129fgPkGyvht6tpoJ/view?usp=drive_link
Shaving Cream,Old Spice,63.3,45,"Classic scent and bold lather; delivers a refreshing, masculine shaving experience that energizes the skin while softening whiskers.",https://drive.google.com/file/d/169n6DjhsA-F_MtOCcoA6QwppCBBbAqU6/view?usp=drive_link
Shaving Cream,Dove Men+Care,50.3,595,Dermatologist-tested cream with hydrating technology; prevents dryness and soothes skin during and after shaving.,https://drive.google.com/file/d/1hhkfH2yKp2HmR5UQuxM1aMU5t8Ddr8Ne/view?usp=drive_link
Shaving Cream,Harry's,60,3990,"Premium, cruelty-free cream with natural ingredients; rich lather and calming extracts deliver a luxury shave with superior skin protection.",https://drive.google.com/file/d/1347TqKDVBz-xWnzpwa07U25tIBdjTXG4/view?usp=drive_link
Shaving Cream,Palmolive,76.5,832,Reliable and economical option with creamy lather; enriched with soothing agents for a gentle and clean shave.,https://drive.google.com/file/d/1TB2aF_tScL3OfnxXFwbIHGGbY1iMlmmY/view?usp=drive_link
Shaving Cream,EOS (Men),40,811,Hypoallergenic shaving cream with shea butter and aloe; provides a smooth shave and post-shave hydration with minimal irritation.,https://drive.google.com/file/d/1fvylzppIL3EvCAATGrL-fgs2i_WQYn8J/view?usp=drive_link
Shaving Cream,EOS (Women),49.1,900,"Designed for sensitive skin; deeply moisturizing formula ensures close shaves while leaving skin soft, smooth, and silky.",https://drive.google.com/file/d/1MtrZASJhF9_qc1rFCmrgDCJnbyFhaKBD/view?usp=drive_link
Shaving Cream,Weleda,82.8,984,Natural and organic shaving cream with beeswax and goat’s milk; nourishes while providing excellent razor glide and comfort.,https://drive.google.com/file/d/1ouJHSi1H9AeTZt41eqcwpuomrpb9Xx8h/view?usp=drive_link
Shaving Cream,King of Shaves,65.3,833,"Low-foam, gel-based shave formula that enhances razor control; enriched with aloe and tea tree oil for soothing action.",https://drive.google.com/file/d/1EN8Ti3Jwvz8ODFPSoDmkffYPxDFslVRI/view?usp=drive_link
Shaving Cream,Cremo,85,1778,Ultra-slick cream that dramatically reduces nicks and irritation; known for its concentrated formula and luxury fragrance profiles.,https://drive.google.com/file/d/1m4BkOME2-WeMGlLbu5_zGPtlkePBuYCt/view?usp=drive_link
Shaving Cream,Jack Black,76.7,4800,High-end triple cushion shave cream with macadamia and jojoba oils; ideal for thick beards and sensitive skin.,https://drive.google.com/file/d/1E0MWUrwvZHe053jbjaIuW_bXm8PTDkYq/view?usp=drive_link
Shaving Cream,The Art of Shaving,51.8,2990,"Premium glycerin-based shaving cream with essential oils; produces a rich lather for a luxurious, barbershop-quality experience.",https://drive.google.com/file/d/1D86zLSpj8Wa1PCmCE3LoqY1hQm2JXczY/view?usp=drive_link
Shaving Cream,Taylor of Old Bond Street,48.8,2250,"Traditional British cream with classic scents; creates a dense lather for elegant, close shaves and heritage feel.",https://drive.google.com/file/d/1qdbvhi6f1aI7lrza0wt-_0OI1QdY4I8Y/view?usp=drive_link
Shaving Cream,Proraso,65.2,499,Italian favorite with eucalyptus and menthol; refreshes skin and provides a barbershop-grade shave at an affordable price.,https://drive.google.com/file/d/17a5cLRGCWkDPKGHA7xaV2h45moECByiC/view?usp=drive_link
Shaving Cream,Clubman Pinaud,50,770,Classic barbershop brand with rich texture and skin-conditioning agents; leaves skin smooth and cool after every shave.,https://drive.google.com/file/d/1Gk6EckkcE9AkA6EKgWn8GuUPjO2o1dzF/view?usp=drive_link
Shaving Cream,Bevel,51.2,2071,Specifically designed for coarse or curly hair; prevents ingrown hairs and razor bumps while nourishing melanin-rich skin.,https://drive.google.com/file/d/1VMxKnAbZM96tuVSzk-WVnQ81XA47KPK-/view?usp=drive_link
Shaving Cream,Burt's Bees (Men),83.2,2240,"Natural shaving cream with chamomile and calendula; calms skin, minimizes irritation, and smells earthy and refreshing.",https://drive.google.com/file/d/1L5kbC3oZe8oqamyMwzDebMvP9hZt9C6N/view?usp=drive_link
Shaving Cream,Bulldog (Men),74,500,"Vegan and cruelty-free cream with aloe vera, camelina oil, and green tea for a skin-friendly, effective shaving experience.",https://drive.google.com/file/d/1FX2V-3pDhpXjGRTLvANK3b3u_cEQoEHB/view?usp=drive_link
Shaving Cream,Clinique for Men,82.9,2338,"Dermatologist-developed cream that cushions skin for a sleek, irritation-free shave; suitable for sensitive or acne-prone skin types.",https://drive.google.com/file/d/1QdEDd3QZcdO83n1Snez0Zf49RKEOzO7i/view?usp=drive_link
Shaving Cream,Mennen,75.5,700,"Affordable and widely used for smooth shaves; offers decent foam, classic scent, and works well with all razors.",https://drive.google.com/file/d/1H6NAcuud4YsLKCQnd4BA8mwr3S5xxpcf/view?usp=drive_link
Shaving Cream,Palmolive Men,47.2,932,"Specifically formulated for men’s grooming; smooth texture with skin-calming ingredients ensures a classic, no-frills shave.",https://drive.google.com/file/d/1Jpy13mEP8YQSpubPNafdydWHfu-BL200/view?usp=drive_link
Shaving Cream,Nivea for Men,60.4,479,Hydrating formula enriched with vitamins and chamomile; protects skin from shaving damage and delivers a smooth finish.,https://drive.google.com/file/d/1KBwAZfkWKj9dkrNaVEGqFs_6mTcC5aeE/view?usp=drive_link
Shaving Cream,L'OrÃ©al Men Expert,65.9,5051,"High-end shaving cream with advanced skin protection, anti-irritation shield, and hydrating ingredients for a luxury grooming routine.",https://drive.google.com/file/d/1ZYSexPPy4E5XkuFkAgZKSkon4h7U8m4i/view?usp=drive_link
Shaving Cream,SKINTIMATE,75.4,1268,"Creamy and rich, this brand focuses on nourishing skin, especially for women; known for sensitive skin-friendly shaving.",https://drive.google.com/file/d/1-FW9OovPvaAKql3FllqnzhOGJqSDmjGc/view?usp=drive_link
Shaving Cream,Imperial Leather,50.3,1486,British heritage brand offering rich lather and long-lasting scent; provides a smooth glide and skin-softening benefits.,https://drive.google.com/file/d/149uS8fUJghagHJtfGJlAz-QzZTSXR3HD/view?usp=drive_link
Shaving Cream,Pacific Shaving Co,82.3,1862,"Natural, eco-conscious brand; small-batch crafted creams with essential oils for a sustainable, effective, and moisturizing shave.",https://drive.google.com/file/d/1403_sR1wmmHWzvoZMQAdrz9doQIjn-yc/view?usp=drive_link
Shaving Cream,Manscaped,83.3,1742,"Below-the-belt focused shaving cream with anti-chafing properties; gentle formula for intimate grooming, smooth and non-irritating.",https://drive.google.com/file/d/1s9jZwRHR_isj2I_qwiFM-TGVSre6nPR6/view?usp=drive_link
Shaving Cream,Dollar Shave Club,73.1,1621,"Affordable, quality-focused shaving cream with skin-soothing agents; part of a convenient grooming subscription service.",https://drive.google.com/file/d/1HZgiMojIN4fQDV3g92pKpdkix-hvLQVv/view?usp=drive_link
